t,x,v
0,1.10232,-0.153046
0.01,1.21039,0.0166998
0.02,0.794837,-0.165863
0.03,0.967364,0.105663
0.04,1.00539,-0.0714787
0.05,1.09511,-0.0838031
0.06,0.756604,-0.0477198
0.07,0.972972,-0.135524
0.08,0.833351,0.0473657
0.09,0.876007,-0.0368101
0.1,0.974799,-0.0411449
0.11,0.812442,-0.197023
0.12,1.15433,-0.335844
0.13,0.79285,0.00095616
0.14,0.971028,-0.151461
0.15,0.975928,-0.303994
0.16,1.02229,-0.213539
0.17,1.02008,-0.0226773
0.18,1.0423,-0.221937
0.19,1.11466,-0.0943554
0.2,0.955513,-0.116692
0.21,0.968062,-0.302919
0.22,0.861916,-0.167403
0.23,0.93697,-0.215084
0.24,1.06555,-0.0179481
0.25,1.05446,-0.167004
0.26,1.0537,-0.274605
0.27,0.977657,-0.233503
0.28,0.891605,-0.470672
0.29,0.909748,-0.0816173
0.3,0.907175,-0.244774
0.31,1.10283,-0.222585
0.32,1.01007,-0.333446
0.33,0.909668,-0.275538
0.34,0.988342,-0.476491
0.35,0.986868,-0.467151
0.36,0.826599,-0.342629
0.37,0.953999,-0.421668
0.38,1.15991,-0.288024
0.39,0.879851,-0.479903
0.4,0.84525,-0.338538
0.41,0.930126,-0.436207
0.42,0.869452,-0.420257
0.43,0.821579,-0.477784
0.44,0.940223,-0.547126
0.45,0.830497,-0.510208
0.46,0.852858,-0.48155
0.47,0.979449,-0.504694
0.48,0.802185,-0.361731
0.49,0.893922,-0.451725
0.5,1.0523,-0.690009
0.51,0.80598,-0.511301
0.52,0.950771,-0.434812
0.53,0.91123,-0.610752
0.54,0.791818,-0.548018
0.55,0.90299,-0.369235
0.56,0.683496,-0.478092
0.57,0.85357,-0.536904
0.58,0.768258,-0.507642
0.59,0.640188,-0.544377
0.6,0.79034,-0.407184
0.61,0.75428,-0.640972
0.62,0.96177,-0.581489
0.63,0.727184,-0.554426
0.64,0.725179,-0.540943
0.65,0.862131,-0.595103
0.66,0.735501,-0.719438
0.67,0.914559,-0.554594
0.68,0.654086,-0.720838
0.69,0.584684,-0.900182
0.7,0.715958,-0.474947
0.71,0.82362,-0.663686
0.72,0.715575,-0.633648
0.73,0.812896,-0.735573
0.74,0.69741,-0.740117
0.75,0.534257,-0.636216
0.76,0.778792,-0.667106
0.77,0.624779,-0.720957
0.78,0.553907,-0.455395
0.79,0.660346,-0.690396
0.8,0.613356,-0.612253
0.81,0.584388,-0.734366
0.82,0.710053,-0.690655
0.83,0.685502,-0.767056
0.84,0.724062,-0.831519
0.85,0.705685,-0.670618
0.86,0.73843,-0.878797
0.87,0.650066,-0.868397
0.88,0.694107,-0.838806
0.89,0.46602,-0.646766
0.9,0.719548,-0.671301
0.91,0.48182,-0.875908
0.92,0.609292,-0.713653
0.93,0.660555,-0.804687
0.94,0.569231,-0.743517
0.95,0.596054,-0.845649
0.96,0.552233,-0.802411
0.97,0.582236,-0.909621
0.98,0.632634,-0.876417
0.99,0.575706,-0.789486
1,0.600859,-0.886071
1.01,0.504235,-0.752914
1.02,0.523056,-0.706147
1.03,0.395167,-0.727274
1.04,0.378394,-0.937589
1.05,0.402187,-0.875361
1.06,0.545517,-0.813188
1.07,0.522465,-1.0194
1.08,0.556747,-0.760556
1.09,0.330169,-0.748019
1.1,0.30137,-0.979539
1.11,0.473225,-0.846314
1.12,0.30151,-0.884525
1.13,0.471271,-0.823389
1.14,0.293896,-0.821448
1.15,0.503834,-0.905837
1.16,0.583677,-0.640732
1.17,0.550712,-0.942245
1.18,0.350435,-1.16254
1.19,0.697842,-1.04022
1.2,0.53804,-0.749148
1.21,0.361672,-0.987035
1.22,0.327686,-0.88795
1.23,0.289504,-0.851216
1.24,0.397751,-0.861558
1.25,0.18776,-0.968547
1.26,0.474934,-1.00005
1.27,0.362168,-0.807271
1.28,0.333641,-0.876505
1.29,0.351669,-1.05728
1.3,0.431618,-0.858532
1.31,0.0629609,-1.02004
1.32,0.204434,-0.896743
1.33,0.36073,-1.09711
1.34,0.100309,-1.05521
1.35,0.201922,-1.06189
1.36,0.214264,-0.981085
1.37,0.165822,-0.904353
1.38,0.0401237,-1.04362
1.39,-0.0440684,-0.954135
1.4,0.162258,-0.975655
1.41,0.229667,-0.961143
1.42,0.238371,-0.928504
1.43,0.130907,-1.14407
1.44,0.130571,-0.861855
1.45,0.0228757,-1.0147
1.46,0.294314,-0.998505
1.47,0.168832,-0.960085
1.48,0.00831887,-1.18048
1.49,0.0509459,-0.907499
1.5,0.0458582,-1.0557
1.51,0.0110903,-1.12121
1.52,0.0445795,-1.01438
1.53,0.0770657,-0.994476
1.54,0.108333,-1.09258
1.55,-0.000209146,-0.812206
1.56,0.197695,-1.07844
1.57,0.244201,-0.834644
1.58,0.0454945,-0.887228
1.59,-0.0108079,-0.773565
1.6,0.112071,-0.956526
1.61,0.0931407,-1.04696
1.62,0.148294,-1.0392
1.63,-0.0983777,-0.881611
1.64,-0.169912,-1.24329
1.65,-0.0442175,-1.04126
1.66,0.0199129,-1.04047
1.67,-0.0891479,-0.943456
1.68,-0.241461,-0.743774
1.69,-0.0373376,-0.877597
1.7,-0.011286,-1.22115
1.71,0.0291546,-0.789329
1.72,-0.201574,-0.932182
1.73,-0.119991,-0.881652
1.74,-0.146281,-1.15111
1.75,-0.138692,-0.889934
1.76,-0.132297,-0.914598
1.77,-0.258423,-0.817575
1.78,-0.193636,-0.896208
1.79,-0.260549,-0.84213
1.8,-0.33116,-0.846681
1.81,-0.285768,-1.0185
1.82,-0.301672,-0.882406
1.83,-0.37271,-1.19184
1.84,-0.366443,-0.843772
1.85,-0.270802,-0.967767
1.86,-0.192298,-1.02366
1.87,-0.324272,-0.882404
1.88,-0.206288,-0.987085
1.89,-0.359254,-0.96956
1.9,-0.344813,-1.05784
1.91,-0.405398,-0.989194
1.92,-0.266548,-0.849652
1.93,-0.502273,-0.850345
1.94,-0.423995,-1.05371
1.95,-0.278255,-0.844197
1.96,-0.333235,-0.869846
1.97,-0.528781,-0.798053
1.98,-0.375958,-1.00273
1.99,-0.428913,-0.869551
2,-0.266052,-0.927007
2.01,-0.279136,-0.817991
2.02,-0.409703,-1.02346
2.03,-0.397611,-0.880445
2.04,-0.377351,-0.910231
2.05,-0.477835,-0.891697
2.06,-0.540065,-1.00319
2.07,-0.555362,-0.935669
2.08,-0.582058,-0.938706
2.09,-0.495745,-1.03183
2.1,-0.540914,-0.785744
2.11,-0.432257,-0.860272
2.12,-0.35073,-0.848505
2.13,-0.442919,-0.814357
2.14,-0.603417,-0.774159
2.15,-0.404212,-0.78242
2.16,-0.45504,-0.708582
2.17,-0.628256,-0.822009
2.18,-0.748071,-0.734526
2.19,-0.556862,-0.753312
2.2,-0.628352,-0.806869
2.21,-0.529212,-0.832147
2.22,-0.68369,-0.730653
2.23,-0.532701,-0.812985
2.24,-0.574148,-0.905025
2.25,-0.791678,-0.720746
2.26,-0.609644,-0.745252
2.27,-0.583499,-0.922194
2.28,-0.815313,-0.730796
2.29,-0.625945,-0.74797
2.3,-0.752772,-0.717299
2.31,-0.517308,-0.996506
2.32,-0.715672,-0.758727
2.33,-0.714868,-0.68878
2.34,-0.628694,-0.486452
2.35,-0.477481,-0.676841
2.36,-0.605252,-0.535426
2.37,-0.662371,-0.597442
2.38,-0.880454,-0.725623
2.39,-0.640518,-0.659642
2.4,-0.658454,-0.680733
2.41,-0.772486,-0.752315
2.42,-0.669954,-0.630359
2.43,-0.630421,-0.494114
2.44,-0.677455,-0.479389
2.45,-0.551062,-0.468429
2.46,-0.773518,-0.631625
2.47,-0.743202,-0.581956
2.48,-0.855612,-0.856855
2.49,-0.873593,-0.663573
2.5,-0.893243,-0.71296
2.51,-0.863297,-0.630394
2.52,-0.935331,-0.650684
2.53,-0.757864,-0.49081
2.54,-0.913675,-0.460131
2.55,-0.818989,-0.514633
2.56,-0.862441,-0.552103
2.57,-0.881155,-0.710059
2.58,-1.02858,-0.619542
2.59,-0.836598,-0.675542
2.6,-0.831059,-0.583332
2.61,-0.839992,-0.529252
2.62,-1.04661,-0.355955
2.63,-0.943406,-0.439195
2.64,-0.982645,-0.3952
2.65,-0.930854,-0.611759
2.66,-0.976821,-0.459034
2.67,-0.916579,-0.548858
2.68,-1.02154,-0.670416
2.69,-0.935855,-0.540448
2.7,-1.00765,-0.489854
2.71,-0.830182,-0.486332
2.72,-0.9316,-0.210873
2.73,-0.997457,-0.495048
2.74,-1.04932,-0.338581
2.75,-0.860398,-0.342222
2.76,-1.03814,-0.514316
2.77,-0.930669,-0.423917
2.78,-1.15823,-0.393764
2.79,-1.08232,-0.375289
2.8,-0.951682,-0.447047
2.81,-0.8957,-0.417012
2.82,-0.943508,-0.215616
2.83,-0.946658,-0.173038
2.84,-0.960131,-0.100998
2.85,-0.954725,-0.256453
2.86,-1.04786,-0.348845
2.87,-0.935617,-0.221863
2.88,-1.0459,-0.294846
2.89,-0.98146,-0.182394
2.9,-0.82902,-0.437283
2.91,-0.970335,-0.179567
2.92,-0.955029,-0.14083
2.93,-1.20941,-0.302582
2.94,-0.935863,-0.253549
2.95,-0.985917,-0.164148
2.96,-0.958344,-0.166941
2.97,-0.982615,-0.0700423
2.98,-0.937729,-0.103373
2.99,-0.981072,-0.0972962
3,-0.830905,-0.143577
3.01,-0.933972,0.0107879
3.02,-1.01281,0.0273834
3.03,-0.856512,-0.207222
3.04,-0.772394,-0.0737352
3.05,-0.999127,-0.273476
3.06,-1.13342,-0.0616352
3.07,-0.895897,-0.0659304
3.08,-1.08115,0.108604
3.09,-0.905443,-0.0582997
3.1,-1.01415,-0.0477291
3.11,-1.05671,0.0222407
3.12,-0.923736,0.0218636
3.13,-0.978423,0.0727722
3.14,-0.965873,-0.0240917
3.15,-1.10531,0.161304
3.16,-0.892187,0.129091
3.17,-1.08839,-0.15655
3.18,-0.998758,0.0765262
3.19,-1.02669,-0.0638033
3.2,-1.10376,0.0259416
3.21,-0.796647,-0.0260739
3.22,-0.931766,-0.00716503
3.23,-1.07013,0.15189
3.24,-0.945953,0.13325
3.25,-1.05586,-0.1186
3.26,-0.99741,0.106989
3.27,-1.22472,0.25401
3.28,-1.06667,0.0847392
3.29,-1.09045,0.18197
3.3,-0.943613,0.0395073
3.31,-1.15001,0.299781
3.32,-1.02017,0.220765
3.33,-1.03385,0.145341
3.34,-1.09844,0.0938836
3.35,-1.02852,0.180439
3.36,-1.1803,0.282323
3.37,-1.09061,0.208318
3.38,-1.02459,0.0900112
3.39,-1.06105,0.210729
3.4,-0.894506,0.265319
3.41,-1.14539,0.201704
3.42,-0.987686,0.284367
3.43,-1.04173,0.0335917
3.44,-0.928885,0.209634
3.45,-1.10298,0.440232
3.46,-0.876311,0.389108
3.47,-0.756273,0.329638
3.48,-0.881278,0.186119
3.49,-0.716229,0.236293
3.5,-0.963041,0.260526
3.51,-1.11307,0.507776
3.52,-0.94765,0.25711
3.53,-0.995762,0.468825
3.54,-0.941583,0.338539
3.55,-1.13056,0.345416
3.56,-1.08805,0.292215
3.57,-0.850181,0.540538
3.58,-0.850392,0.36699
3.59,-0.945921,0.500607
3.6,-0.831241,0.461978
3.61,-0.838539,0.376154
3.62,-0.871765,0.396034
3.63,-0.866249,0.242481
3.64,-0.770248,0.623351
3.65,-0.738843,0.515624
3.66,-0.85999,0.423182
3.67,-0.882537,0.469564
3.68,-0.906136,0.498992
3.69,-0.774813,0.448329
3.7,-0.81885,0.509307
3.71,-1.06034,0.639084
3.72,-0.670926,0.636184
3.73,-0.836461,0.568442
3.74,-0.831245,0.728509
3.75,-0.85518,0.515593
3.76,-0.909614,0.580448
3.77,-0.693594,0.63417
3.78,-0.718077,0.495141
3.79,-0.788013,0.5456
3.8,-0.76288,0.753738
3.81,-0.745668,0.656571
3.82,-0.731127,0.549941
3.83,-0.789997,0.578734
3.84,-0.73014,0.720237
3.85,-0.867732,0.706701
3.86,-0.66575,0.669794
3.87,-0.7488,0.803923
3.88,-0.797486,0.624785
3.89,-0.927315,0.794518
3.9,-0.751076,0.614816
3.91,-0.705515,0.663467
3.92,-0.558967,0.698489
3.93,-0.670069,0.821466
3.94,-0.670687,0.813468
3.95,-0.758229,0.730007
3.96,-0.78071,0.686839
3.97,-0.643853,0.885277
3.98,-0.647012,0.781799
3.99,-0.569355,0.698899
4,-0.474346,0.887161
4.01,-0.69801,0.76254
4.02,-0.798004,0.836944
4.03,-0.494941,0.899604
4.04,-0.61164,0.773072
4.05,-0.324351,0.783978
4.06,-0.561063,0.711494
4.07,-0.564383,0.876577
4.08,-0.475204,0.82465
4.09,-0.737955,0.760622
4.1,-0.686849,0.929376
4.11,-0.455185,0.717313
4.12,-0.529078,0.913514
4.13,-0.560565,0.756553
4.14,-0.345639,0.864158
4.15,-0.562006,0.927999
4.16,-0.427269,0.91313
4.17,-0.396502,0.733671
4.18,-0.684421,0.812492
4.19,-0.386193,0.885517
4.2,-0.351339,0.771117
4.21,-0.277956,0.980433
4.22,-0.561374,0.803678
4.23,-0.437338,0.869955
4.24,-0.458039,0.753652
4.25,-0.402282,0.680802
4.26,-0.463999,1.1563
4.27,-0.388259,1.0325
4.28,-0.536391,0.923268
4.29,-0.451833,1.07879
4.3,-0.253039,0.789882
4.31,-0.269995,0.956295
4.32,-0.334235,0.858007
4.33,-0.450163,0.860747
4.34,-0.425784,0.896429
4.35,-0.354813,1.08769
4.36,-0.284463,1.00795
4.37,-0.258324,1.16837
4.38,-0.211753,0.875586
4.39,-0.183804,0.971095
4.4,-0.189772,0.865518
4.41,-0.287844,0.978238
4.42,-0.290293,0.936775
4.43,-0.186592,1.03235
4.44,-0.258933,0.878258
4.45,-0.245312,1.07079
4.46,-0.202325,1.02568
4.47,-0.100935,0.746362
4.48,-0.343615,0.913523
4.49,-0.200873,0.929019
4.5,-0.0894528,0.923856
4.51,-0.0201012,1.06826
4.52,-0.307189,1.00069
4.53,-0.0613008,0.921743
4.54,-0.0824749,0.930474
4.55,-0.125284,1.07824
4.56,-0.0686667,0.759673
4.57,-0.0174508,1.11053
4.58,-0.178579,1.0805
4.59,-0.24446,0.902804
4.6,0.0307328,1.03608
4.61,-0.135905,1.05756
4.62,-0.139764,1.14028
4.63,0.0559397,1.01659
4.64,-0.0265907,1.10666
4.65,-0.0406727,1.01184
4.66,0.0362848,1.08399
4.67,0.117291,0.869087
4.68,-0.0564567,1.06721
4.69,0.0900027,0.894235
4.7,0.0168191,0.981841
4.71,-0.0193845,0.96341
4.72,0.0500423,1.247
4.73,0.0628457,0.766979
4.74,-0.103283,1.00662
4.75,0.114142,0.97098
4.76,0.138036,0.997441
4.77,0.180407,0.849721
4.78,-0.0608523,0.914634
4.79,0.173919,0.827237
4.8,0.0859918,1.03464
4.81,0.0883219,1.04458
4.82,0.063631,0.850579
4.83,0.295341,1.03359
4.84,0.220739,1.19447
4.85,0.315423,0.923049
4.86,0.11254,0.937558
4.87,0.0725203,0.897727
4.88,0.196675,0.972262
4.89,-0.0537832,0.963085
4.9,0.109124,0.939094
4.91,0.248082,1.1299
4.92,0.207087,0.988441
4.93,0.159501,1.1248
4.94,0.34031,1.06636
4.95,0.277024,1.00693
4.96,0.175321,1.01916
4.97,0.340106,1.00135
4.98,0.207017,0.981248
4.99,0.410273,0.860109
5,0.279484,1.05647
5.01,0.464139,1.04377
5.02,0.423643,0.985652
5.03,0.27786,1.11769
5.04,0.233314,0.834818
5.05,0.469407,1.06972
5.06,0.273816,0.987422
5.07,0.421072,1.01447
5.08,0.501281,1.00601
5.09,0.248143,0.914097
5.1,0.340911,0.945792
5.11,0.271663,0.813209
5.12,0.442533,1.01226
5.13,0.47272,0.83731
5.14,0.618334,0.743296
5.15,0.482842,0.808101
5.16,0.369182,0.946679
5.17,0.52568,0.912807
5.18,0.331722,0.939591
5.19,0.47915,0.970986
5.2,0.37911,0.798481
5.21,0.383247,1.02772
5.22,0.221893,0.877721
5.23,0.550548,0.998648
5.24,0.556091,0.725686
5.25,0.568881,0.63847
5.26,0.509701,0.736502
5.27,0.383034,0.931697
5.28,0.522698,0.974911
5.29,0.623283,0.758761
5.3,0.623335,0.774482
5.31,0.54435,0.902511
5.32,0.652995,0.785811
5.33,0.65686,0.876521
5.34,0.682394,0.840348
5.35,0.449796,0.877378
5.36,0.687915,0.97797
5.37,0.583719,0.635753
5.38,0.52993,0.96207
5.39,0.655336,0.901585
5.4,0.653584,0.869914
5.41,0.703774,0.782017
5.42,0.634592,0.865228
5.43,0.63707,0.805977
5.44,0.674128,0.932889
5.45,0.594858,0.806739
5.46,0.694276,0.674847
5.47,0.648114,0.722128
5.48,0.706813,0.736193
5.49,0.754243,0.827742
5.5,0.668932,0.760124
5.51,0.651562,0.558178
5.52,0.828578,0.767099
5.53,0.741558,0.787407
5.54,0.750376,0.628692
5.55,0.75457,0.612674
5.56,0.673757,0.595726
5.57,1.00917,0.565925
5.58,0.684357,0.791344
5.59,0.849405,0.65218
5.6,0.867436,0.690829
5.61,0.729546,0.631694
5.62,0.826933,0.481378
5.63,0.618576,0.64265
5.64,0.810029,0.488548
5.65,0.780268,0.475545
5.66,0.917094,0.397614
5.67,0.762974,0.488887
5.68,0.654575,0.651401
5.69,0.827981,0.354884
5.7,0.695767,0.463395
5.71,0.858319,0.548099
5.72,0.735613,0.60796
5.73,0.887395,0.662765
5.74,0.764253,0.43162
5.75,0.645379,0.370116
5.76,0.877215,0.540623
5.77,0.864405,0.532632
5.78,0.97917,0.58067
5.79,0.951873,0.526036
5.8,0.984303,0.590539
5.81,0.777035,0.419181
5.82,0.853031,0.488968
5.83,0.92364,0.575399
5.84,0.974894,0.384733
5.85,0.863872,0.31931
5.86,0.875849,0.363124
5.87,0.987232,0.392873
5.88,0.983684,0.380861
5.89,1.02421,0.37314
5.9,1.04697,0.0652835
5.91,0.958415,0.436091
5.92,1.08664,0.195772
5.93,0.878972,0.264846
5.94,0.815841,0.483006
5.95,0.840335,0.311784
5.96,0.796055,0.313926
5.97,0.818819,0.31354
5.98,0.857855,0.141426
5.99,0.786841,0.339185
6,1.0806,0.345101
6.01,0.774916,0.350605
6.02,1.00711,0.34034
6.03,0.995803,0.48909
6.04,0.952833,0.242512
6.05,1.07585,0.256537
6.06,1.0204,0.207404
6.07,0.982655,0.255476
6.08,0.86113,0.181413
6.09,1.0895,0.158525
6.1,0.931851,0.335731
6.11,0.959144,0.151679
6.12,0.947007,0.102645
6.13,1.04348,0.0307291
6.14,1.09666,0.0855398
6.15,0.934697,0.194558
6.16,0.9786,0.140854
6.17,1.11165,0.138901
6.18,0.796057,-0.033799
6.19,1.05061,0.202061
6.2,1.03765,0.134218
6.21,0.870422,0.116383
6.22,0.979768,0.228703
6.23,1.09418,0.023704
6.24,1.05792,-0.0797138
6.25,1.08914,0.29361
6.26,1.0633,-0.0508905
6.27,0.859322,0.047412
6.28,0.971675,-0.134945
6.29,0.856456,-0.0565985
6.3,0.972081,-0.219198
6.31,1.16466,-0.151732
6.32,1.01903,0.131929
6.33,0.936528,0.0298038
6.34,1.01033,0.0427446
6.35,1.0451,0.0402254
6.36,0.951288,-0.1187
6.37,1.06669,-0.0579301
6.38,1.09626,-0.0312552
6.39,1.05878,-0.232359
6.4,1.08027,-0.147602
6.41,0.873958,-0.370486
6.42,0.92191,-0.118232
6.43,0.794004,-0.0653366
6.44,1.13568,0.00972801
6.45,1.1082,-0.259547
6.46,1.00211,-0.167113
6.47,1.06087,-0.287014
6.48,1.19749,-0.226321
6.49,0.801911,-0.117014
6.5,1.05692,-0.284177
6.51,1.09911,-0.324899
6.52,0.90257,-0.224797
6.53,1.01183,-0.209054
6.54,1.19595,-0.25055
6.55,0.910892,-0.326956
6.56,0.94423,-0.312767
6.57,0.756337,-0.306287
6.58,1.04949,-0.42294
6.59,1.00025,-0.299411
6.6,0.918903,-0.331157
6.61,0.771961,-0.308944
6.62,0.894865,-0.134054
6.63,1.01961,-0.392355
6.64,1.08265,-0.439555
6.65,0.908331,-0.105267
6.66,1.0026,-0.394988
6.67,1.06443,-0.435154
6.68,0.925436,-0.460679
6.69,0.849282,-0.214329
6.7,1.04105,-0.513247
6.71,0.838646,-0.375821
6.72,0.795759,-0.201207
6.73,0.860188,-0.358545
6.74,0.812451,-0.532015
6.75,0.80324,-0.614697
6.76,0.91139,-0.508372
6.77,0.874657,-0.547084
6.78,0.854375,-0.454598
6.79,0.724359,-0.569246
6.8,0.938439,-0.311474
6.81,0.685534,-0.646048
6.82,0.872259,-0.599734
6.83,0.99879,-0.689345
6.84,0.821529,-0.515027
6.85,0.857994,-0.477536
6.86,0.823775,-0.661095
6.87,0.875078,-0.609718
6.88,0.72406,-0.408962
6.89,0.943266,-0.439967
6.9,0.970938,-0.442507
6.91,0.779413,-0.470616
6.92,0.842521,-0.416775
6.93,0.701353,-0.504996
6.94,0.778674,-0.726303
6.95,0.85699,-0.867745
6.96,0.592728,-0.846433
6.97,0.876596,-0.598075
6.98,0.697626,-0.489733
6.99,0.676988,-0.503533
7,0.844624,-0.559495
7.01,0.953183,-0.619456
7.02,0.807596,-0.787133
7.03,0.646879,-0.726184
7.04,0.51561,-0.481399
7.05,0.696231,-0.771903
7.06,0.67011,-0.543437
7.07,0.630703,-0.674775
7.08,0.710788,-0.561935
7.09,0.579219,-0.777019
7.1,0.705544,-0.723554
7.11,0.681112,-0.675143
7.12,0.470179,-0.568653
7.13,0.49587,-0.723362
7.14,0.546437,-0.72845
7.15,0.998634,-0.627676
7.16,0.534136,-0.671133
7.17,0.686927,-1.07665
7.18,0.57136,-0.786671
7.19,0.505879,-0.842359
7.2,0.616781,-0.97268
7.21,0.600811,-0.957234
7.22,0.583957,-0.811306
7.23,0.55518,-0.813435
7.24,0.582799,-0.854216
7.25,0.522338,-0.66252
7.26,0.627152,-0.69745
7.27,0.436641,-0.728779
7.28,0.456823,-0.812018
7.29,0.432392,-0.933076
7.3,0.563958,-0.798467
7.31,0.567097,-0.962159
7.32,0.575841,-0.729463
7.33,0.369111,-0.782121
7.34,0.205951,-0.982839
7.35,0.63558,-0.735407
7.36,0.575827,-0.823813
7.37,0.50695,-1.00922
7.38,0.433079,-0.92917
7.39,0.521629,-0.708207
7.4,0.629007,-0.966417
7.41,0.488229,-1.09277
7.42,0.493376,-0.81684
7.43,0.344955,-0.913708
7.44,0.302583,-0.9681
7.45,0.481791,-0.89239
7.46,0.580978,-0.768649
7.47,0.494846,-1.02386
7.48,0.124349,-0.99458
7.49,0.541553,-0.908406
7.5,0.11716,-0.997399
7.51,0.611726,-0.978476
7.52,0.468324,-0.941674
7.53,0.303624,-1.163
7.54,0.222801,-1.04229
7.55,0.257746,-0.979278
7.56,0.266524,-0.929298
7.57,0.200566,-1.04205
7.58,0.325258,-1.08313
7.59,0.302044,-0.953303
7.6,0.203035,-1.11196
7.61,0.0879597,-0.928834
7.62,0.191972,-0.836917
7.63,0.0532659,-0.879953
7.64,0.305857,-0.957147
7.65,0.10575,-0.990541
7.66,0.0701798,-1.01298
7.67,0.0964675,-0.93256
7.68,0.0536871,-0.87894
7.69,0.0263861,-1.00149
7.7,0.0417609,-0.89117
7.71,0.145207,-0.925331
7.72,0.15311,-0.986394
7.73,0.110131,-1.06699
7.74,0.168306,-0.884216
7.75,-0.00919807,-0.927945
7.76,0.0953078,-0.962174
7.77,0.225159,-0.913628
7.78,0.148621,-1.0377
7.79,0.128302,-0.916035
7.8,0.0999525,-0.922335
7.81,-0.0562667,-1.03855
7.82,0.106202,-0.898852
7.83,0.0742132,-0.937664
7.84,0.212124,-0.99671
7.85,0.167588,-1.20216
7.86,0.0340488,-1.00123
7.87,0.0716684,-1.08916
7.88,0.00768425,-0.96677
7.89,-0.150337,-1.1128
7.9,-0.0394459,-1.31249
7.91,-0.230064,-0.868106
7.92,0.139269,-0.828411
7.93,-0.102143,-1.00854
7.94,-0.133359,-1.1374
7.95,-0.0935065,-0.848681
7.96,-0.110089,-1.12136
7.97,-0.105087,-1.03342
7.98,-0.277473,-1.01121
7.99,-0.383665,-1.00988
8,-0.272142,-0.990619
8.01,-0.023392,-1.06035
8.02,-0.349017,-0.930519
8.03,-0.133538,-0.842596
8.04,-0.257768,-1.01524
8.05,-0.247137,-0.900466
8.06,-0.0572318,-0.927994
8.07,-0.310647,-0.985456
8.08,-0.225218,-1.05403
8.09,-0.200217,-0.720971
8.1,-0.178183,-1.15319
8.11,-0.22977,-1.02459
8.12,-0.288171,-0.950675
8.13,-0.3918,-1.09025
8.14,-0.280046,-1.1055
8.15,-0.224222,-0.807165
8.16,-0.333919,-1.12199
8.17,-0.306454,-1.00225
8.18,-0.31777,-0.889739
8.19,-0.336626,-0.984537
8.2,-0.475818,-0.848368
8.21,-0.409715,-0.876091
8.22,-0.0696245,-0.865905
8.23,-0.332847,-1.0055
8.24,-0.443014,-0.954817
8.25,-0.348031,-1.11756
8.26,-0.476791,-0.93842
8.27,-0.305154,-0.898414
8.28,-0.450623,-0.845784
8.29,-0.183098,-0.807352
8.3,-0.585097,-0.756333
8.31,-0.41122,-0.967599
8.32,-0.429152,-0.898922
8.33,-0.521922,-0.71722
8.34,-0.588596,-0.911173
8.35,-0.316732,-0.901577
8.36,-0.44951,-0.894056
8.37,-0.484427,-0.845341
8.38,-0.552454,-0.949515
8.39,-0.539737,-0.898409
8.4,-0.553333,-0.763377
8.41,-0.546987,-0.858286
8.42,-0.629588,-0.864285
8.43,-0.668232,-0.874853
8.44,-0.513014,-0.865957
8.45,-0.506238,-0.916849
8.46,-0.508001,-0.828584
8.47,-0.659339,-0.952349
8.48,-0.770884,-0.677801
8.49,-0.49845,-0.753309
8.5,-0.456365,-0.713395
8.51,-0.670925,-0.780407
8.52,-0.765182,-0.753486
8.53,-0.641778,-0.793683
8.54,-0.688059,-0.828227
8.55,-0.54923,-0.814057
8.56,-0.787518,-0.822826
8.57,-0.696392,-0.858801
8.58,-0.668136,-0.897297
8.59,-0.627449,-0.648435
8.6,-0.665403,-0.800817
8.61,-0.49563,-0.745475
8.62,-0.77866,-0.671676
8.63,-0.678792,-0.603571
8.64,-0.666051,-0.841498
8.65,-0.695281,-0.652911
8.66,-0.689133,-0.648963
8.67,-0.689309,-0.652845
8.68,-0.907263,-0.664364
8.69,-0.666783,-0.686896
8.7,-0.872673,-0.81435
8.71,-0.741372,-0.72582
8.72,-0.684638,-0.687813
8.73,-0.87104,-0.839985
8.74,-0.889633,-0.402444
8.75,-0.808721,-0.69323
8.76,-0.666256,-0.348056
8.77,-0.721841,-0.342704
8.78,-0.663022,-0.525488
8.79,-0.69084,-0.605838
8.8,-0.814409,-0.539786
8.81,-0.863143,-0.625341
8.82,-0.840346,-0.478581
8.83,-0.876408,-0.721097
8.84,-0.790446,-0.638167
8.85,-0.737035,-0.553705
8.86,-0.816495,-0.760679
8.87,-0.901168,-0.550014
8.88,-0.68913,-0.475768
8.89,-0.641455,-0.483506
8.9,-0.878294,-0.546742
8.91,-0.957345,-0.430782
8.92,-0.830771,-0.440956
8.93,-0.936003,-0.434617
8.94,-0.941373,-0.478399
8.95,-0.750265,-0.376343
8.96,-0.961423,-0.375897
8.97,-0.872632,-0.259091
8.98,-0.97762,-0.362849
8.99,-0.91096,-0.445574
9,-0.838029,-0.512051
9.01,-0.871032,-0.246791
9.02,-0.966773,-0.369431
9.03,-1.08136,-0.469722
9.04,-0.839059,-0.282289
9.05,-0.913769,-0.574306
9.06,-0.893946,-0.511998
9.07,-0.748801,-0.302653
9.08,-0.996908,-0.210007
9.09,-0.883721,-0.30386
9.1,-0.850438,-0.404442
9.11,-0.980416,-0.336766
9.12,-0.854185,-0.326784
9.13,-0.923006,-0.326828
9.14,-0.765968,-0.269041
9.15,-0.867257,-0.29825
9.16,-0.849863,-0.315117
9.17,-0.953868,-0.338887
9.18,-0.941957,-0.181616
9.19,-1.19686,-0.167253
9.2,-0.896008,0.0308027
9.21,-0.860454,-0.405919
9.22,-1.00431,-0.220668
9.23,-0.879824,-0.242447
9.24,-0.961939,-0.261097
9.25,-0.940554,-0.0211299
9.26,-1.03076,-0.107888
9.27,-0.895638,-0.228542
9.28,-1.06378,-0.0990288
9.29,-0.917603,-0.0826134
9.3,-1.07505,-0.0501809
9.31,-0.957738,-0.155252
9.32,-0.901438,0.0702974
9.33,-1.0133,0.0896958
9.34,-1.09309,-0.124417
9.35,-0.993826,-0.171601
9.36,-0.880544,-0.163679
9.37,-0.874233,-0.00967591
9.38,-1.09742,0.0381143
9.39,-0.971475,-0.077347
9.4,-0.771849,-0.17221
9.41,-0.980094,-0.122125
9.42,-0.968959,0.0193399
9.43,-1.26138,0.0878489
9.44,-1.05918,-0.00187249
9.45,-0.971023,0.0469337
9.46,-1.05159,0.0422617
9.47,-0.826966,0.000179918
9.48,-1.15043,-0.19214
9.49,-0.946871,-0.00310281
9.5,-1.04541,0.130169
9.51,-0.855279,-0.00955309
9.52,-1.00945,-0.0292244
9.53,-1.04188,0.192278
9.54,-1.01137,0.0742286
9.55,-1.00986,0.0870569
9.56,-1.04893,-0.0382961
9.57,-1.03696,0.237191
9.58,-0.987149,0.0335793
9.59,-0.896668,0.200125
9.6,-1.06972,0.189948
9.61,-0.974669,0.0107224
9.62,-0.851555,0.391408
9.63,-0.920051,0.366422
9.64,-0.947092,0.110258
9.65,-0.911346,0.291002
9.66,-1.01782,0.137859
9.67,-0.983859,0.571522
9.68,-1.01325,0.283917
9.69,-1.10252,0.174988
9.7,-0.840636,0.409207
9.71,-0.770634,0.486497
9.72,-1.09431,0.388779
9.73,-0.982004,0.34296
9.74,-1.07977,0.393861
9.75,-0.928351,0.402999
9.76,-0.953871,0.341156
9.77,-0.7825,0.24901
9.78,-1.00292,0.439997
9.79,-0.768232,0.357309
9.8,-0.988174,0.366438
9.81,-1.06518,0.506667
9.82,-0.909201,0.599175
9.83,-1.09059,0.507126
9.84,-0.688359,0.491265
9.85,-0.999686,0.315709
9.86,-0.776941,0.63402
9.87,-0.761102,0.358725
9.88,-0.955782,0.328379
9.89,-0.85803,0.491858
9.9,-0.767169,0.508186
9.91,-0.93725,0.431341
9.92,-1.01616,0.412006
9.93,-0.777793,0.518511
9.94,-1.04382,0.478544
9.95,-0.931795,0.396248
9.96,-0.977913,0.435115
9.97,-0.781914,0.474529
9.98,-0.790697,0.485376
9.99,-0.78784,0.439391
10,-0.778382,0.539499
10.01,-0.69881,0.518084
10.02,-0.853789,0.552088
10.03,-0.958828,0.669271
10.04,-0.818127,0.544549
10.05,-0.763989,0.659433
10.06,-0.848126,0.777004
10.07,-0.782097,0.671175
10.08,-0.850765,0.513851
10.09,-0.915777,0.632525
10.1,-0.769793,0.684005
10.11,-0.672923,0.658897
10.12,-0.689769,0.745099
10.13,-0.853108,0.579555
10.14,-0.690633,0.716834
10.15,-0.701789,0.597804
10.16,-0.627868,0.823773
10.17,-0.636071,0.636256
10.18,-0.541778,0.536568
10.19,-0.641927,0.803121
10.2,-0.672561,0.681117
10.21,-0.729296,0.716435
10.22,-0.898004,0.665357
10.23,-0.759383,0.795657
10.24,-0.717491,0.819395
10.25,-0.590699,0.778937
10.26,-0.56832,0.927083
10.27,-0.737329,0.734339
10.28,-0.88941,0.80023
10.29,-0.713329,0.779298
10.3,-0.664566,0.623413
10.31,-0.715551,0.867343
10.32,-0.804169,0.804714
10.33,-0.54242,0.74607
10.34,-0.550562,0.897785
10.35,-0.650016,0.754528
10.36,-0.738183,0.768783
10.37,-0.491602,0.77116
10.38,-0.462678,0.860498
10.39,-0.651662,0.931949
10.4,-0.551349,0.799811
10.41,-0.414692,0.915537
10.42,-0.398557,0.793094
10.43,-0.503709,0.879313
10.44,-0.592866,0.950778
10.45,-0.523978,0.841423
10.46,-0.505156,0.974028
10.47,-0.43957,0.89415
10.48,-0.435081,0.778818
10.49,-0.415632,0.938536
10.5,-0.478578,0.93367
10.51,-0.578079,0.874916
10.52,-0.388027,0.983277
10.53,-0.385816,0.826481
10.54,-0.48966,0.822972
10.55,-0.484887,0.923169
10.56,-0.348979,0.867669
10.57,-0.419742,0.871784
10.58,-0.417102,1.03994
10.59,-0.320418,0.85408
10.6,-0.582186,0.843198
10.61,-0.496532,0.785486
10.62,-0.449669,0.876276
10.63,-0.401536,0.923176
10.64,-0.1861,0.889682
10.65,-0.194489,1.05081
10.66,-0.286244,0.817508
10.67,-0.129581,0.930272
10.68,-0.167014,1.06049
10.69,-0.192091,1.02279
10.7,-0.308235,0.861149
10.71,-0.406511,0.870512
10.72,-0.297924,0.949121
10.73,-0.191856,0.924826
10.74,-0.303979,0.914707
10.75,-0.105783,0.960272
10.76,-0.306851,0.883923
10.77,-0.26529,1.09295
10.78,-0.144368,0.927894
10.79,-0.0759219,1.06636
10.8,-0.268594,0.903163
10.81,-0.255657,0.974532
10.82,-0.306346,0.939892
10.83,-0.16805,1.18992
10.84,-0.164743,1.18452
10.85,-0.172828,0.98252
10.86,-0.313713,0.960499
10.87,-0.0974934,0.929584
10.88,-0.0469172,1.07391
10.89,-0.0426667,1.04796
10.9,-0.0235492,0.964193
10.91,-0.129939,0.979902
10.92,-0.106203,1.06819
10.93,-0.142316,1.06576
10.94,-0.225966,0.944458
10.95,-0.0639484,1.12846
10.96,0.113016,0.934132
10.97,-0.183684,1.05469
10.98,0.021676,0.917123
10.99,0.0822298,0.705966
11,0.000288732,1.02652
11.01,0.00539465,0.9674
11.02,0.162648,0.867028
11.03,0.137774,0.950684
11.04,0.00854803,0.797764
11.05,0.0467221,0.962024
11.06,0.127436,0.757981
11.07,0.0165719,1.02806
11.08,0.0250126,1.02483
11.09,0.208517,1.1075
11.1,0.248168,1.08997
11.11,-0.00664466,0.912622
11.12,-0.0246551,0.917134
11.13,0.19862,1.1273
11.14,0.148143,1.02793
11.15,0.20187,1.12319
11.16,0.133591,0.953236
11.17,0.0445534,1.15762
11.18,0.399276,0.955012
11.19,0.0964052,0.87013
11.2,0.142822,0.841923
11.21,0.197101,0.881291
11.22,0.287512,0.99115
11.23,0.120887,0.883223
11.24,0.172584,1.13378
11.25,0.283554,1.06289
11.26,0.180519,0.920299
11.27,0.262735,1.03674
11.28,0.240073,1.04709
11.29,0.290655,1.0165
11.3,0.416749,1.04859
11.31,0.385895,1.05584
11.32,0.346215,1.01441
11.33,0.373264,0.936389
11.34,0.546772,0.748123
11.35,0.201048,1.02901
11.36,0.313549,0.935625
11.37,0.2087,0.904796
11.38,0.319189,0.816531
11.39,0.245214,0.955826
11.4,0.470182,0.827027
11.41,0.472541,0.886393
11.42,0.295004,0.876436
11.43,0.586372,0.901948
11.44,0.397583,0.87501
11.45,0.543752,0.987661
11.46,0.305738,0.996993
11.47,0.372609,0.836681
11.48,0.527066,0.724799
11.49,0.429063,0.949102
11.5,0.425605,0.877911
11.51,0.576248,0.969778
11.52,0.58626,0.668792
11.53,0.531156,0.864298
11.54,0.750667,0.761169
11.55,0.361295,0.883396
11.56,0.460425,0.801514
11.57,0.483113,0.869312
11.58,0.571978,0.816444
11.59,0.505216,1.05979
11.6,0.598628,0.987551
11.61,0.506396,0.961627
11.62,0.675298,0.817772
11.63,0.630154,0.910495
11.64,0.604618,0.833886
11.65,0.634509,0.884909
11.66,0.457923,0.824842
11.67,0.630257,0.780189
11.68,0.541522,0.702046
11.69,0.670236,0.818703
11.7,0.622394,0.824038
11.71,0.692441,0.626457
11.72,0.43768,0.75977
11.73,0.626509,0.512424
11.74,0.605308,0.729367
11.75,0.431947,0.756838
11.76,0.899425,0.611927
11.77,0.830662,0.692908
11.78,0.705225,0.817335
11.79,0.69975,0.702213
11.8,0.802792,0.635191
11.81,0.699756,0.860854
11.82,0.847516,0.748958
11.83,0.534235,0.633278
11.84,0.818355,0.78755
11.85,0.416365,0.744057
11.86,0.789176,0.638662
11.87,0.822565,0.644162
11.88,0.909976,0.623518
11.89,0.704339,0.620736
11.9,0.643645,0.605381
11.91,0.847021,0.657296
11.92,0.953825,0.663318
11.93,0.90344,0.53224
11.94,0.711561,0.702284
11.95,0.658815,0.61596
11.96,0.975536,0.659816
11.97,0.777865,0.654386
11.98,0.748392,0.66041
11.99,0.726862,0.576928
12,0.776519,0.58525
12.01,0.840386,0.386511
12.02,0.812536,0.46554
12.03,0.903967,0.484566
12.04,0.842379,0.243424
12.05,0.930782,0.58859
12.06,0.931485,0.415837
12.07,0.806153,0.478761
12.08,0.82485,0.46545
12.09,0.844267,0.448772
12.1,1.01086,0.686244
12.11,0.998029,0.318378
12.12,0.945108,0.55205
12.13,0.664592,0.32034
12.14,0.996863,0.419226
12.15,0.972974,0.356442
12.16,0.882613,0.304645
12.17,1.0029,0.607111
12.18,0.746508,0.335921
12.19,0.805565,0.307252
12.2,0.880234,0.489981
12.21,0.878575,0.167348
12.22,1.04012,0.182222
12.23,0.881943,0.344647
12.24,0.967535,0.375582
12.25,0.943197,0.250481
12.26,0.823439,0.353879
12.27,0.913288,0.272048
12.28,0.889662,0.237299
12.29,0.906835,0.289214
12.3,0.927073,0.233107
12.31,1.0001,0.337241
12.32,1.06992,0.450784
12.33,0.900771,0.234134
12.34,0.992085,0.0409011
12.35,0.827521,0.319531
12.36,1.00346,0.3389
12.37,1.01792,0.421537
12.38,1.19242,0.363821
12.39,0.839728,0.104742
12.4,0.951984,0.138442
12.41,0.990383,0.0943264
12.42,0.921354,0.238311
12.43,1.16296,0.102679
12.44,0.952688,0.075861
12.45,0.868977,-0.0609905
12.46,1.09082,0.0719012
12.47,0.931681,-0.129396
12.48,0.923741,0.114743
12.49,0.897642,0.018485
12.5,0.898528,0.191037
12.51,1.04711,0.00602353
12.52,1.20053,0.120471
12.53,1.02783,-0.13652
12.54,0.967068,0.0682863
12.55,1.06965,-0.10097
12.56,0.881659,0.121149
12.57,1.05791,-0.09809
12.58,0.936,-0.137024
12.59,0.944082,0.214349
12.6,1.15681,0.114107
12.61,0.932163,-0.201417
12.62,1.03967,0.0370135
12.63,0.897482,-0.14044
12.64,1.17534,-0.083452
12.65,1.03668,-0.100011
12.66,0.989702,-0.180674
12.67,1.04348,-0.0769154
12.68,0.97666,-0.306034
12.69,0.995984,-0.191166
12.7,0.985497,-0.178295
12.71,0.930159,-0.250153
12.72,0.914824,-0.276972
12.73,0.792065,-0.106369
12.74,0.983999,-0.131253
12.75,0.911174,-0.226467
12.76,0.913095,-0.255381
12.77,0.678435,-0.285646
12.78,1.00655,-0.071117
12.79,1.15411,-0.372664
12.8,0.740214,-0.180064
12.81,1.02158,-0.15889
12.82,0.750016,-0.365376
12.83,1.03515,-0.21521
12.84,0.953191,-0.151629
12.85,0.7545,-0.258292
12.86,0.967382,-0.289492
12.87,0.864627,-0.208655
12.88,0.785719,-0.410356
12.89,0.806802,-0.251778
12.9,0.876529,-0.145159
12.91,0.867323,-0.453089
12.92,0.930225,-0.159726
12.93,0.746113,-0.373963
12.94,0.92365,-0.326045
12.95,0.973666,-0.423161
12.96,0.899932,-0.304969
12.97,0.845799,-0.374487
12.98,1.06938,-0.459493
12.99,0.836852,-0.468284
13,1.06863,-0.498618
13.01,0.853728,-0.488417
13.02,0.927425,-0.328345
13.03,0.598409,-0.424664
13.04,0.896088,-0.276249
13.05,0.824095,-0.396974
13.06,1.02305,-0.594728
13.07,0.849429,-0.347356
13.08,0.82058,-0.504577
13.09,0.652184,-0.744723
13.1,0.854877,-0.529513
13.11,0.712588,-0.534354
13.12,0.844244,-0.508487
13.13,0.634972,-0.457445
13.14,0.732435,-0.545043
13.15,0.739321,-0.528019
13.16,0.727747,-0.482862
13.17,0.742565,-0.421738
13.18,0.772998,-0.693736
13.19,0.699717,-0.483533
13.2,0.815007,-0.648879
13.21,0.713627,-0.72338
13.22,0.775644,-0.540623
13.23,0.868968,-0.688614
13.24,0.65537,-0.626698
13.25,0.826826,-0.74431
13.26,0.731415,-0.703142
13.27,0.679756,-0.599543
13.28,0.819007,-0.873821
13.29,0.627145,-0.934434
13.3,0.62396,-0.6309
13.31,0.605317,-0.591398
13.32,0.706756,-0.720565
13.33,0.659626,-0.765432
13.34,0.548533,-0.664984
13.35,0.681052,-0.638712
13.36,0.732117,-0.444064
13.37,0.543542,-0.539806
13.38,0.675089,-0.670935
13.39,0.822388,-0.805246
13.4,0.675064,-0.74687
13.41,0.623526,-0.6961
13.42,0.621815,-0.947584
13.43,0.49409,-0.825791
13.44,0.555729,-0.860758
13.45,0.647594,-0.862121
13.46,0.659671,-0.819751
13.47,0.68945,-0.899478
13.48,0.584885,-0.82062
13.49,0.665029,-0.855323
13.5,0.629018,-0.750468
13.51,0.58815,-0.628438
13.52,0.484291,-0.864604
13.53,0.702092,-0.93916
13.54,0.580379,-0.951396
13.55,0.61389,-0.662476
13.56,0.358745,-0.904379
13.57,0.524502,-0.979589
13.58,0.586857,-1.04092
13.59,0.556058,-0.879684
13.6,0.632675,-0.741966
13.61,0.560564,-1.03816
13.62,0.53464,-0.786258
13.63,0.499795,-1.01188
13.64,0.572589,-0.72338
13.65,0.548505,-1.0113
13.66,0.457802,-0.733556
13.67,0.481149,-0.737692
13.68,0.482114,-0.930074
13.69,0.462367,-0.797597
13.7,0.5326,-1.0459
13.71,0.700422,-0.864079
13.72,0.552207,-0.943616
13.73,0.338644,-0.964259
13.74,0.485887,-0.947678
13.75,0.299148,-0.945593
13.76,0.366086,-0.874845
13.77,0.395018,-0.734752
13.78,0.425622,-1.17654
13.79,0.425769,-0.836272
13.8,0.304582,-0.967218
13.81,0.37775,-0.921553
13.82,0.474226,-1.01406
13.83,0.0439742,-0.796619
13.84,0.097036,-1.04759
13.85,0.274177,-0.988855
13.86,0.332019,-0.972201
13.87,0.341953,-1.0651
13.88,0.355112,-0.811831
13.89,0.220532,-0.961497
13.9,0.262522,-1.00624
13.91,0.198987,-0.949708
13.92,0.296687,-1.11119
13.93,0.148201,-1.012
13.94,0.313569,-1.06702
13.95,0.380271,-0.96069
13.96,0.222542,-0.975253
13.97,0.215598,-0.903082
13.98,0.286687,-0.765052
13.99,0.201363,-1.04292
14,-0.0135201,-0.902802
14.01,0.0701528,-0.959588
14.02,0.0989278,-1.04966
14.03,0.165948,-1.23575
14.04,0.291301,-0.941322
14.05,0.0661858,-1.00714
14.06,-0.0624122,-1.0849
14.07,0.017683,-0.901225
14.08,-0.252345,-1.07126
14.09,0.130232,-0.93368
14.1,0.169753,-0.95177
14.11,-0.0085354,-1.00327
14.12,0.0546858,-0.850525
14.13,0.0296173,-1.06753
14.14,-0.0288841,-1.08219
14.15,-0.0669269,-0.928573
14.16,0.0789926,-1.08375
14.17,0.0242979,-0.906031
14.18,-0.155869,-0.95427
14.19,0.0155181,-1.05385
14.2,-0.0742933,-1.03811
14.21,-0.077567,-0.973824
14.22,-0.168943,-0.95473
14.23,-0.00954642,-0.926817
14.24,-0.125344,-1.0039
14.25,-0.235072,-0.981977
14.26,-0.232597,-0.978992
14.27,-0.110156,-1.01221
14.28,-0.118161,-1.0255
14.29,-0.131468,-0.920853
14.3,-0.0379414,-1.01727
14.31,-0.265506,-1.04668
14.32,-0.162407,-0.925286
14.33,-0.12168,-0.796795
14.34,-0.211175,-0.826154
14.35,-0.445017,-0.844337
14.36,-0.164519,-0.702333
14.37,-0.197624,-0.946179
14.38,-0.268373,-0.838289
14.39,-0.220671,-0.903139
14.4,-0.269305,-0.897693
14.41,-0.372493,-0.961384
14.42,-0.334926,-1.03435
14.43,-0.371344,-0.960736
14.44,-0.405424,-0.851221
14.45,-0.411099,-0.804963
14.46,-0.369505,-0.923517
14.47,-0.429064,-0.779639
14.48,-0.309173,-0.890915
14.49,-0.318758,-0.91766
14.5,-0.335345,-0.891079
14.51,-0.178311,-0.946799
14.52,-0.246037,-1.14953
14.53,-0.3202,-0.899072
14.54,-0.32363,-0.763059
14.55,-0.448049,-0.938942
14.56,-0.24329,-0.94556
14.57,-0.137368,-0.957451
14.58,-0.480097,-0.858167
14.59,-0.438488,-0.904804
14.6,-0.447225,-0.956908
14.61,-0.446705,-0.850687
14.62,-0.459032,-1.01599
14.63,-0.293557,-0.880442
14.64,-0.590022,-0.820833
14.65,-0.580494,-0.929945
14.66,-0.488641,-0.891621
14.67,-0.52665,-0.948379
14.68,-0.555378,-1.07877
14.69,-0.476889,-0.787526
14.7,-0.578984,-0.918219
14.71,-0.379089,-0.893345
14.72,-0.472784,-0.813253
14.73,-0.552365,-0.893705
14.74,-0.597836,-0.821765
14.75,-0.397879,-0.768293
14.76,-0.355237,-0.971925
14.77,-0.550178,-0.761409
14.78,-0.441193,-0.79936
14.79,-0.71009,-0.846544
14.8,-0.565839,-1.05319
14.81,-0.477327,-0.662028
14.82,-0.639695,-0.622905
14.83,-0.802518,-0.743095
14.84,-0.61444,-0.769388
14.85,-0.56163,-0.727261
14.86,-0.797807,-0.677308
14.87,-0.799178,-0.746169
14.88,-0.699622,-0.877027
14.89,-0.54443,-0.750371
14.9,-0.673919,-0.73183
14.91,-0.699809,-0.636645
14.92,-0.657742,-0.568541
14.93,-0.709229,-0.798509
14.94,-0.900089,-0.695148
14.95,-0.649576,-0.734738
14.96,-0.813523,-0.730777
14.97,-0.785975,-0.721578
14.98,-0.689736,-0.612045
14.99,-0.746027,-0.709674
15,-0.719218,-0.64462
15.01,-0.627638,-0.771062
15.02,-0.777987,-0.796067
15.03,-0.85475,-0.494349
15.04,-0.63042,-0.497424
15.05,-0.667274,-0.663532
15.06,-0.736272,-0.643185
15.07,-0.927815,-0.550452
15.08,-0.890677,-0.464755
15.09,-0.804071,-0.571837
15.1,-0.831217,-0.619687
15.11,-0.816019,-0.519424
15.12,-0.9049,-0.734632
15.13,-0.881553,-0.613888
15.14,-0.802775,-0.556902
15.15,-0.935287,-0.31236
15.16,-1.02627,-0.498355
15.17,-0.946557,-0.574924
15.18,-0.911307,-0.348233
15.19,-0.924554,-0.525363
15.2,-0.88196,-0.532766
15.21,-0.71946,-0.461455
15.22,-0.896505,-0.322485
15.23,-0.808488,-0.593332
15.24,-0.770805,-0.460561
15.25,-0.956565,-0.261345
15.26,-0.850141,-0.479311
15.27,-0.870983,-0.302849
15.28,-0.800914,-0.197279
15.29,-1.02316,-0.246442
15.3,-0.79735,-0.288625
15.31,-0.909348,-0.527482
15.32,-0.929419,-0.432954
15.33,-0.85078,-0.380714
15.34,-1.06823,-0.345523
15.35,-0.891215,-0.289101
15.36,-1.11282,-0.233052
15.37,-0.798773,-0.426572
15.38,-0.786086,-0.537205
15.39,-0.846029,-0.168791
15.4,-0.983953,-0.218568
15.41,-0.914397,-0.506665
15.42,-0.954414,-0.326447
15.43,-0.963532,-0.144739
15.44,-0.85759,-0.287515
15.45,-0.922527,-0.260701
15.46,-0.912822,-0.221116
15.47,-1.01991,-0.30633
15.48,-0.985545,-0.189665
15.49,-0.970388,-0.256741
15.5,-1.01651,-0.221012
15.51,-1.03433,-0.331051
15.52,-1.0214,-0.207185
15.53,-1.04806,-0.00266091
15.54,-0.87843,0.0118579
15.55,-0.924076,-0.168058
15.56,-0.833858,-0.16601
15.57,-1.10938,-0.258158
15.58,-1.06009,-0.252046
15.59,-1.21526,-0.169581
15.6,-0.850474,-0.235547
15.61,-1.10168,0.0398349
15.62,-0.994318,-0.153799
15.63,-1.02539,-0.161031
15.64,-0.902373,0.0271409
15.65,-1.01306,-0.0399187
15.66,-0.976048,-0.0230639
15.67,-1.08398,-0.148115
15.68,-1.00795,-0.133506
15.69,-1.0987,-0.209082
15.7,-1.02203,-0.0196702
15.71,-1.06407,0.0665425
15.72,-0.864163,0.0435933
15.73,-1.11062,-0.0117129
15.74,-1.00106,0.0641324
15.75,-1.13003,0.298924
15.76,-0.988017,-0.0527377
15.77,-1.05777,0.290912
15.78,-0.940172,-0.0770032
15.79,-1.06215,0.135918
15.8,-1.24,0.0994094
15.81,-1.05086,0.184747
15.82,-1.04175,0.181585
15.83,-0.766541,0.12898
15.84,-0.906542,0.217257
15.85,-0.894492,0.248104
15.86,-1.05547,0.079034
15.87,-0.979348,0.229573
15.88,-1.01447,0.0529539
15.89,-1.02973,0.324541
15.9,-0.920563,0.242689
15.91,-0.955389,0.187068
15.92,-1.13347,0.189276
15.93,-1.03046,0.240875
15.94,-0.961677,0.311275
15.95,-0.936994,0.280786
15.96,-1.0039,0.331791
15.97,-0.980419,0.352393
15.98,-0.876529,0.397781
15.99,-1.15094,0.345655
16,-0.98504,0.29188
16.01,-1.09179,0.414129
16.02,-1.03193,0.378847
16.03,-0.851051,0.227586
16.04,-1.12772,0.119747
16.05,-0.924755,0.188624
16.06,-0.931973,0.267683
16.07,-1.0354,0.213221
16.08,-1.15259,0.41687
16.09,-1.0871,0.443841
16.1,-0.946958,0.228863
16.11,-1.04457,0.41594
16.12,-1.07426,0.48106
16.13,-0.677129,0.457243
16.14,-0.705249,0.391209
16.15,-0.815133,0.552533
16.16,-0.839659,0.397695
16.17,-0.704327,0.28445
16.18,-0.689552,0.411949
16.19,-0.756958,0.433716
16.2,-0.958766,0.482214
16.21,-0.763086,0.359948
16.22,-0.989945,0.550834
16.23,-0.930653,0.489476
16.24,-0.976848,0.397043
16.25,-0.879808,0.480048
16.26,-0.743202,0.542351
16.27,-0.745585,0.550815
16.28,-0.898565,0.559144
16.29,-0.886571,0.575797
16.3,-0.922147,0.539955
16.31,-0.918942,0.652157
16.32,-1.02165,0.557552
16.33,-0.766061,0.494502
16.34,-0.793368,0.451217
16.35,-0.828407,0.676057
16.36,-0.746225,0.453796
16.37,-0.743591,0.667489
16.38,-0.589548,0.523877
16.39,-0.893362,0.692773
16.4,-0.978157,0.594068
16.41,-0.816164,0.783022
16.42,-0.969755,0.659016
16.43,-0.855316,0.7181
16.44,-0.924102,0.685208
16.45,-0.87254,0.637991
16.46,-0.619659,0.706113
16.47,-0.835531,0.557552
16.48,-0.687469,0.667307
16.49,-0.809549,0.812844
16.5,-0.607085,0.790119
16.51,-0.76003,0.687037
16.52,-0.693906,0.844631
16.53,-0.678254,0.696056
16.54,-0.684795,0.796226
16.55,-0.583008,0.66266
16.56,-0.716437,0.681766
16.57,-0.796114,0.722518
16.58,-0.693164,0.63598
16.59,-0.662022,0.756136
16.6,-0.611162,0.646074
16.61,-0.617549,0.748987
16.62,-0.576078,0.618414
16.63,-0.569107,0.776191
16.64,-0.565466,0.97794
16.65,-0.544887,0.698264
16.66,-0.479741,0.743093
16.67,-0.570172,1.03
16.68,-0.735801,0.736929
16.69,-0.51444,0.874395
16.7,-0.54272,0.71668
16.71,-0.70988,0.744509
16.72,-0.488967,0.784215
16.73,-0.584323,0.945413
16.74,-0.457771,0.668148
16.75,-0.577011,0.908588
16.76,-0.546319,0.810495
16.77,-0.465327,1.01078
16.78,-0.496815,0.987082
16.79,-0.60368,1.14197
16.8,-0.477864,0.936265
16.81,-0.475675,0.866618
16.82,-0.458657,0.947653
16.83,-0.35648,0.853738
16.84,-0.427865,1.14814
16.85,-0.432396,0.920849
16.86,-0.495695,0.905478
16.87,-0.311559,0.877689
16.88,-0.353203,0.970996
16.89,-0.297741,0.964127
16.9,-0.376938,0.879847
16.91,-0.445252,0.961303
16.92,-0.482208,0.954473
16.93,-0.420934,1.00184
16.94,-0.149602,0.945722
16.95,-0.252005,0.883617
16.96,-0.521809,0.790557
16.97,-0.267031,1.02192
16.98,-0.238637,0.989207
16.99,-0.251451,1.02428
17,-0.279543,0.99666
17.01,-0.209994,1.16458
17.02,-0.231174,0.788292
17.03,-0.241572,0.890018
17.04,-0.0806852,0.825573
17.05,-0.14937,0.853248
17.06,-0.276981,1.20255
17.07,-0.272088,1.13209
17.08,-0.075403,0.99519
17.09,-0.156758,0.978733
17.1,-0.273395,0.940736
17.11,-0.251676,0.913884
17.12,-0.193693,0.987854
17.13,-0.0295074,0.731969
17.14,-0.241807,0.794345
17.15,-0.187406,0.925757
17.16,-0.0691322,0.983672
17.17,-0.117957,0.984432
17.18,-0.2194,1.0641
17.19,-0.160404,1.00768
17.2,-0.105086,0.949317
17.21,-0.00634461,0.928178
17.22,0.0385173,0.989412
17.23,-0.00930945,0.886253
17.24,-0.132131,0.996877
17.25,0.0134815,1.15944
17.26,-0.199739,1.02154
17.27,-0.0130139,1.12574
17.28,0.00244293,0.904688
17.29,-0.139144,0.934666
17.3,0.0530091,0.949127
17.31,0.0468731,0.877879
17.32,0.00030244,0.957006
17.33,0.0244265,0.93044
17.34,0.104672,0.967056
17.35,0.118432,0.860442
17.36,0.116122,0.864842
17.37,-0.0355034,0.938275
17.38,0.003958,0.993102
17.39,0.172994,0.964807
17.4,0.0960754,1.07529
17.41,0.14224,0.960198
17.42,0.1573,1.01312
17.43,0.0916657,1.00777
17.44,0.0832112,1.12942
17.45,0.064226,0.753503
17.46,0.104631,1.02512
17.47,0.188106,0.825781
17.48,0.262063,0.918074
17.49,0.127944,1.0307
17.5,0.237832,1.07332
17.51,0.189767,1.02305
17.52,0.232395,1.03001
17.53,0.325371,1.04155
17.54,0.342097,1.02951
17.55,0.232918,1.11283
17.56,0.313751,1.0757
17.57,0.120306,0.64868
17.58,0.396668,0.84441
17.59,0.257864,1.1224
17.6,0.0525381,1.06829
17.61,0.399298,0.98493
17.62,0.2727,0.834877
17.63,0.367328,1.05015
17.64,0.267032,0.926043
17.65,0.384193,0.898608
17.66,0.314288,0.986656
17.67,0.420165,0.937281
17.68,0.500538,1.04079
17.69,0.500731,1.06674
17.7,0.346097,1.03063
17.71,0.358049,0.637865
17.72,0.437593,0.93569
17.73,0.479265,0.711739
17.74,0.263124,1.01824
17.75,0.512165,1.06843
17.76,0.485926,0.765103
17.77,0.469946,0.795923
17.78,0.462345,0.842455
17.79,0.279593,0.695235
17.8,0.485474,0.981575
17.81,0.302215,1.0353
17.82,0.328125,0.786203
17.83,0.535958,0.642484
17.84,0.826758,1.1229
17.85,0.581724,1.11204
17.86,0.490132,0.987963
17.87,0.403786,0.805445
17.88,0.456857,0.785473
17.89,0.492912,0.779801
17.9,0.713977,0.972949
17.91,0.700111,0.744918
17.92,0.728224,0.708922
17.93,0.586678,0.723135
17.94,0.5104,0.769388
17.95,0.632442,0.699818
17.96,0.39281,0.689747
17.97,0.61744,0.662062
17.98,0.680364,0.804684
17.99,0.517594,0.747792
18,0.566295,0.802915
18.01,0.635282,0.840388
18.02,0.611944,0.738005
18.03,0.638855,0.930414
18.04,0.668917,0.638775
18.05,0.696889,0.667236
18.06,0.615298,0.625787
18.07,0.723879,0.704311
18.08,0.563623,0.782017
18.09,0.631544,0.692686
18.1,0.801932,0.808892
18.11,0.719211,0.566663
18.12,0.841489,0.604367
18.13,0.633282,0.494242
18.14,0.707296,0.723807
18.15,0.797283,0.881862
18.16,0.818399,0.459058
18.17,0.7029,0.650779
18.18,0.679684,0.579171
18.19,0.63486,0.757988
18.2,0.616578,0.693396
18.21,0.969167,0.646237
18.22,1.02694,0.690251
18.23,0.696269,0.552236
18.24,0.733288,0.610292
18.25,0.903934,0.558005
18.26,0.948054,0.588527
18.27,1.11185,0.613961
18.28,0.863779,0.403442
18.29,0.849064,0.477884
18.3,0.935117,0.441744
18.31,0.853231,0.475197
18.32,1.00477,0.587512
18.33,0.91837,0.591824
18.34,0.878674,0.519045
18.35,0.903474,0.516838
18.36,0.834594,0.366994
18.37,0.757143,0.53243
18.38,0.903468,0.402595
18.39,0.724287,0.62055
18.4,0.978966,0.613192
18.41,0.820212,0.429232
18.42,1.02678,0.414973
18.43,0.862131,0.337471
18.44,0.903911,0.391856
18.45,0.999026,0.647953
18.46,0.80121,0.372821
18.47,0.962231,0.39069
18.48,1.01909,0.503745
18.49,0.898264,0.338825
18.5,0.973602,0.238295
18.51,1.08686,0.340993
18.52,0.785832,0.233574
18.53,0.948777,0.466276
18.54,0.921292,0.383024
18.55,1.08613,0.391079
18.56,0.876896,0.431921
18.57,1.07919,0.262404
18.58,0.844988,0.166011
18.59,0.670257,0.302623
18.6,0.894094,0.219042
18.61,1.06199,0.381158
18.62,1.00999,0.132605
18.63,0.989925,0.0838624
18.64,1.08947,0.319042
18.65,1.02094,0.319753
18.66,1.04668,0.000580599
18.67,0.977898,0.0510076
18.68,1.2405,0.17431
18.69,0.912688,0.244567
18.7,1.03051,0.317789
18.71,0.886476,0.205504
18.72,1.04174,0.315224
18.73,0.8262,0.0896574
18.74,0.969817,0.282656
18.75,1.10313,-0.0814562
18.76,1.07385,0.079053
18.77,1.036,0.0417797
18.78,1.20643,0.00300846
18.79,0.991893,0.200015
18.8,0.995047,0.061163
18.81,0.831729,0.0652855
18.82,1.00596,-0.0884536
18.83,1.08264,-0.0349485
18.84,1.02523,-0.0387901
18.85,0.821149,-0.0194765
18.86,1.01327,-0.0985559
18.87,1.04797,-0.0293391
18.88,0.948901,0.181605
18.89,1.04083,-0.0799808
18.9,1.12502,0.0411126
18.91,0.909139,0.111617
18.92,1.29384,-0.00489481
18.93,0.943439,-0.299528
18.94,0.864747,0.127772
18.95,0.914854,-0.12522
18.96,0.79454,-0.125016
18.97,1.02682,-0.175013
18.98,0.955626,-0.0289205
18.99,1.19723,-0.237529
19,0.954575,-0.0160459
19.01,1.02569,-0.0233886
19.02,0.961166,-0.174216
19.03,0.984539,-0.0398126
19.04,0.964285,-0.0446648
19.05,1.0756,-0.118261
19.06,0.783667,-0.291377
19.07,0.959834,-0.214124
19.08,0.92916,-0.273111
19.09,0.99555,-0.287724
19.1,1.08737,-0.102926
19.11,1.1083,-0.150277
19.12,0.864583,-0.419647
19.13,0.812369,-0.240697
19.14,1.09026,-0.29122
19.15,0.800807,-0.204494
19.16,0.969279,-0.303463
19.17,0.967427,-0.358984
19.18,0.880275,-0.194337
19.19,0.961915,-0.495928
19.2,0.954104,-0.424666
19.21,0.915929,-0.39387
19.22,0.99312,-0.339186
19.23,0.834097,-0.476978
19.24,1.06211,-0.464912
19.25,0.946905,-0.365699
19.26,0.931222,-0.289044
19.27,0.900066,-0.453405
19.28,0.875947,-0.435528
19.29,0.933488,-0.394213
19.3,0.99451,-0.502612
19.31,0.81561,-0.471992
19.32,0.802347,-0.402343
19.33,0.813391,-0.566901
19.34,0.943397,-0.404791
19.35,0.829867,-0.459092
19.36,0.772336,-0.633288
19.37,0.89111,-0.471596
19.38,0.75709,-0.402427
19.39,0.877801,-0.660508
19.4,0.975389,-0.525945
19.41,0.911471,-0.70658
19.42,0.798249,-0.725017
19.43,0.866401,-0.431769
19.44,0.768902,-0.580429
19.45,0.809039,-0.613165
19.46,0.685158,-0.409803
19.47,0.734201,-0.54845
19.48,0.745073,-0.435725
19.49,0.770573,-0.460674
19.5,0.632753,-0.55214
19.51,0.821385,-0.642815
19.52,0.836417,-0.632708
19.53,1.00157,-0.694787
19.54,0.848067,-0.541843
19.55,0.599013,-0.65195
19.56,0.692023,-0.595284
19.57,0.802279,-0.62891
19.58,0.792852,-0.54207
19.59,0.566641,-0.588539
19.6,0.788519,-0.513394
19.61,0.828965,-0.702892
19.62,0.70332,-0.504996
19.63,0.661187,-0.679835
19.64,0.733488,-0.731975
19.65,0.706517,-0.830177
19.66,0.653305,-0.614493
19.67,0.698976,-0.676335
19.68,0.701722,-0.792049
19.69,0.54032,-0.698536
19.7,0.698044,-0.629877
19.71,0.529888,-0.72666
19.72,0.509535,-0.787494
19.73,0.598878,-0.720787
19.74,0.580482,-0.898859
19.75,0.623929,-0.899403
19.76,0.612551,-0.730107
19.77,0.620759,-0.720305
19.78,0.512451,-0.736463
19.79,0.625939,-0.835687
19.8,0.475001,-0.624296
19.81,0.445826,-0.846427
19.82,0.556646,-0.973455
19.83,0.739096,-0.845492
19.84,0.568498,-0.980214
19.85,0.530244,-0.817538
19.86,0.611004,-0.877653
19.87,0.501529,-0.919435
19.88,0.680295,-0.914951
19.89,0.508947,-0.741704
19.9,0.621082,-0.854163
19.91,0.397319,-0.714713
19.92,0.674919,-0.808505
19.93,0.319768,-0.960006
19.94,0.521411,-1.02027
19.95,0.37235,-0.991743
19.96,0.316024,-0.955721
19.97,0.372979,-0.974757
19.98,0.576095,-0.878589
19.99,0.513076,-0.921503
20,0.36145,-0.932014
